{
  "best_metric": 0.7811082601547241,
  "best_model_checkpoint": "./results/my_experiment/checkpoint-1000",
  "epoch": 2.0,
  "eval_steps": 500,
  "global_step": 1316,
  "is_hyper_param_search": false,
  "is_local_process_zero": true,
  "is_world_process_zero": true,
  "log_history": [
    {
      "epoch": 0.7598784194528876,
      "grad_norm": 3.0966908931732178,
      "learning_rate": 3.100303951367781e-05,
      "loss": 1.0658,
      "step": 500
    },
    {
      "epoch": 0.7598784194528876,
      "eval_accuracy": 0.6725820763087844,
      "eval_loss": 0.8436219096183777,
      "eval_runtime": 8.1125,
      "eval_samples_per_second": 277.843,
      "eval_steps_per_second": 17.381,
      "step": 500
    },
    {
      "epoch": 1.5197568389057752,
      "grad_norm": 1.6269453763961792,
      "learning_rate": 1.2006079027355625e-05,
      "loss": 0.8778,
      "step": 1000
    },
    {
      "epoch": 1.5197568389057752,
      "eval_accuracy": 0.7067435669920142,
      "eval_loss": 0.7811082601547241,
      "eval_runtime": 7.9457,
      "eval_samples_per_second": 283.677,
      "eval_steps_per_second": 17.746,
      "step": 1000
    }
  ],
  "logging_steps": 500,
  "max_steps": 1316,
  "num_input_tokens_seen": 0,
  "num_train_epochs": 2,
  "save_steps": 500,
  "stateful_callbacks": {
    "TrainerControl": {
      "args": {
        "should_epoch_stop": false,
        "should_evaluate": false,
        "should_log": false,
        "should_save": true,
        "should_training_stop": true
      },
      "attributes": {}
    }
  },
  "total_flos": 417863002871808.0,
  "train_batch_size": 16,
  "trial_name": null,
  "trial_params": null
}
